movielensId,genre
1,3
1,4
1,5
1,6
1,10
2,3
2,5
2,10
3,6
3,16
4,6
4,9
4,16
5,6
6,2
6,7
6,18
7,6
7,16
8,3
8,5
9,2
10,2
10,3
10,18
11,6
11,9
11,16
12,6
12,12
13,3
13,4
13,5
14,9
15,2
15,3
15,16
16,7
16,9
17,9
17,16
18,6
19,6
20,2
20,6
20,7
20,9
20,18
21,6
21,7
21,18
22,7
22,9
22,12
22,15
22,18
23,2
23,7
23,18
24,9
24,17
25,9
25,16
26,9
27,5
27,9
28,9
28,16
29,3
29,9
29,10
29,15
29,17
31,9
32,15
32,17
32,18
34,5
34,9
36,7
36,9
39,6
39,16
41,9
41,19
42,2
42,7
42,9
43,9
44,2
44,3
44,10
45,6
45,9
45,18
46,9
46,16
47,15
47,18
48,4
48,5
48,9
48,14
48,16
50,7
50,15
50,18
52,6
52,9
52,16
57,9
58,6
58,9
58,16
60,3
60,5
60,10
61,9
61,18
62,9
65,6
66,2
66,17
66,18
69,6
70,2
70,6
70,12
70,18
72,6
72,9
73,9
73,19
74,9
74,16
76,2
76,17
76,18
79,9
79,18
81,7
81,9
81,16
82,6
82,9
85,9
85,16
86,2
86,3
86,9
87,5
87,6
88,6
89,2
89,18
92,9
92,12
92,18
93,6
93,12
93,16
94,6
94,9
94,16
95,2
95,3
95,18
97,7
97,9
100,9
100,18
101,3
101,6
101,7
101,16
104,6
105,9
105,16
107,3
107,5
107,6
107,14
110,2
110,9
110,19
111,7
111,9
111,18
112,2
112,3
112,6
112,7
122,6
122,16
125,6
126,3
126,5
126,10
132,18
135,6
140,9
140,16
141,6
144,6
145,2
145,6
145,7
145,9
145,18
147,9
150,3
150,9
150,13
151,2
151,9
151,16
151,19
153,2
153,3
153,6
153,7
154,9
155,3
155,9
155,19
157,6
157,19
158,3
158,5
159,7
159,9
159,15
160,2
160,3
160,15
160,17
161,9
161,18
161,19
162,8
163,2
163,16
163,20
164,7
164,11
164,15
164,18
165,2
165,7
165,18
168,2
168,9
168,16
169,3
169,5
169,9
170,2
170,3
170,7
170,18
172,2
172,17
172,18
173,2
173,7
173,17
174,6
175,9
176,6
177,12
180,6
180,16
181,2
181,5
185,2
185,7
185,18
186,6
186,16
188,10
188,12
188,15
191,9
191,16
193,9
194,6
194,9
195,6
195,9
195,16
196,12
196,17
198,2
198,7
198,9
198,15
198,17
198,18
203,6
204,2
205,6
205,9
207,9
207,16
208,2
208,3
208,17
213,9
215,9
215,16
216,6
217,9
217,18
218,6
218,9
222,9
222,16
223,6
224,6
224,9
224,16
225,9
225,18
227,2
227,18
229,9
229,18
230,9
230,18
231,3
231,6
232,6
232,9
232,16
233,9
234,6
235,6
235,9
236,2
236,6
236,16
237,6
237,16
239,4
239,5
239,6
239,16
246,8
247,7
247,9
248,6
249,9
249,16
250,5
250,6
252,6
252,16
253,9
253,12
255,6
256,6
256,17
257,15
257,18
258,3
258,5
258,6
258,10
258,16
260,2
260,3
260,17
261,9
262,5
262,9
265,9
265,10
265,16
266,9
266,16
266,19
266,20
267,6
272,6
272,9
273,9
273,12
273,17
274,6
275,6
276,6
276,16
277,9
280,9
280,18
281,6
281,9
281,16
282,9
288,2
288,7
288,18
289,6
289,16
290,7
290,9
292,2
292,9
292,17
292,18
293,2
293,7
293,9
293,18
296,6
296,7
296,9
296,18
300,9
303,2
303,18
303,20
305,6
306,9
307,9
308,6
308,9
312,6
314,5
314,9
314,10
314,15
315,2
315,9
315,18
316,2
316,3
316,17
317,6
317,9
317,10
318,7
318,9
319,6
319,9
319,18
322,6
322,9
325,6
327,2
327,6
327,17
328,12
328,18
329,3
329,9
329,17
330,2
330,7
330,12
332,12
332,17
333,6
337,9
338,2
338,17
338,18
339,6
339,16
342,6
344,6
345,6
345,9
346,9
346,14
347,9
347,11
347,16
348,6
349,2
349,7
349,9
349,18
350,9
350,15
350,18
351,6
351,9
351,16
353,2
353,7
353,10
353,18
354,9
355,5
355,6
355,10
356,6
356,9
356,16
356,19
357,6
357,16
358,9
360,2
360,6
361,6
361,9
361,16
362,3
362,5
362,16
364,3
364,4
364,5
364,9
364,13
364,14
366,9
366,12
366,15
366,18
367,2
367,6
367,7
367,10
368,3
368,6
368,20
370,2
370,6
371,6
371,9
372,6
372,9
372,16
373,18
374,5
374,6
376,2
376,18
377,2
377,16
377,18
378,6
378,16
379,2
379,17
379,18
380,2
380,3
380,6
380,16
380,18
381,9
381,16
382,9
382,12
382,16
382,18
383,20
393,2
393,3
393,10
405,2
405,10
407,12
407,18
410,5
410,6
410,10
412,9
413,6
414,6
415,6
415,18
416,20
417,6
417,16
419,6
420,2
420,6
420,7
420,18
421,3
421,5
421,9
423,2
423,18
426,12
426,17
426,18
427,9
427,15
427,16
427,18
428,9
429,6
431,7
431,9
432,3
432,6
432,20
433,6
434,2
434,3
434,18
435,6
435,17
436,9
436,18
437,6
438,2
438,6
438,9
440,6
440,16
441,6
442,2
442,3
442,17
444,6
444,16
445,6
446,9
446,16
448,9
450,6
450,9
454,9
454,18
455,3
455,5
455,9
457,18
459,2
459,3
459,7
459,9
459,16
459,18
464,2
464,3
464,7
464,18
466,2
466,6
466,19
468,6
468,16
471,6
472,6
472,9
473,6
473,19
474,2
474,18
475,9
477,9
477,14
480,2
480,3
480,17
480,18
481,9
481,18
482,7
482,9
482,18
485,2
485,3
485,6
485,10
489,6
490,18
491,9
492,6
492,15
493,2
493,7
493,9
494,2
494,3
494,18
497,6
497,16
500,6
500,9
502,2
502,5
502,16
505,6
507,7
507,9
507,18
508,9
509,9
509,16
514,6
515,9
515,16
516,6
516,9
517,2
517,9
517,15
519,2
519,7
519,9
519,17
519,18
520,6
522,2
522,9
524,9
527,9
527,19
529,9
531,5
531,9
532,6
532,7
532,12
533,2
533,3
533,10
533,15
534,9
534,16
535,9
537,9
538,9
539,6
539,9
539,16
540,18
541,2
541,17
541,18
542,6
542,9
542,16
543,6
543,16
543,18
544,2
544,7
546,2
546,3
546,5
546,6
546,10
546,17
548,2
548,15
548,18
551,4
551,5
551,10
551,14
552,2
552,3
552,6
552,16
553,2
553,9
553,20
555,7
555,18
556,8
558,2
558,3
558,4
558,5
558,10
562,6
562,9
569,6
569,9
575,5
575,6
585,6
586,5
586,6
587,6
587,9
587,10
587,16
587,18
588,3
588,4
588,5
588,6
588,14
589,2
589,17
590,3
590,9
590,20
592,2
592,7
592,18
593,7
593,12
593,18
594,4
594,5
594,9
594,10
594,14
595,4
595,5
595,10
595,13
595,14
595,16
596,4
596,5
596,10
596,14
597,6
597,16
599,3
599,20
605,9
605,16
608,6
608,7
608,9
608,18
609,3
609,5
610,2
610,3
610,4
610,12
610,17
611,2
611,12
611,17
612,6
613,9
613,16
616,4
616,5
627,9
627,18
628,7
628,9
628,15
628,18
631,3
631,4
631,5
631,10
631,14
631,16
637,6
640,9
640,18
647,2
647,7
647,9
647,19
648,2
648,3
648,15
648,18
653,2
653,3
653,10
661,3
661,4
661,5
661,10
661,14
662,18
663,6
667,2
671,6
671,17
673,3
673,4
673,5
673,6
673,10
673,17
674,3
674,6
674,17
678,9
678,18
688,2
688,3
688,6
688,19
694,2
694,7
694,9
700,6
704,2
704,3
707,7
707,9
707,18
708,6
708,16
709,3
709,4
709,5
709,6
709,14
710,6
711,3
711,5
714,9
714,15
714,20
719,6
720,3
720,4
720,6
724,9
724,10
724,12
724,18
728,6
733,2
733,3
733,18
735,12
736,2
736,3
736,16
736,18
737,2
737,17
741,4
741,17
742,12
742,18
743,6
745,4
745,5
745,6
748,2
748,17
748,18
750,6
750,19
761,2
761,3
762,6
762,7
765,6
765,9
778,6
778,7
778,9
780,2
780,3
780,17
780,18
781,9
782,9
782,18
783,4
783,5
783,9
783,14
783,16
784,6
784,18
785,6
786,2
786,9
786,18
788,6
788,10
788,16
788,17
798,2
798,3
798,9
798,18
799,6
799,12
799,18
800,9
800,15
800,20
801,5
801,6
802,9
802,16
804,6
804,16
805,9
805,18
809,2
809,3
810,5
810,6
810,10
818,6
829,6
829,10
829,14
830,6
832,7
832,18
836,2
836,3
836,18
837,5
837,6
837,10
838,6
838,9
838,16
839,2
839,18
842,6
842,12
848,9
849,2
849,3
849,17
849,18
851,9
852,6
852,9
852,16
858,7
858,9
861,2
861,6
861,7
861,18
866,7
866,9
866,16
866,18
880,17
880,18
886,2
886,6
886,7
892,6
892,9
892,16
898,6
898,9
898,16
899,6
899,14
899,16
900,14
900,16
901,6
901,14
902,9
902,16
903,9
903,15
903,16
903,18
904,15
904,18
905,6
905,16
906,9
906,18
908,2
908,3
908,15
908,16
908,18
909,6
909,9
909,16
910,6
910,7
911,6
911,7
911,15
911,16
911,18
912,9
912,16
913,11
913,15
914,6
914,9
914,14
914,16
915,6
915,16
916,6
916,9
916,16
918,14
919,3
919,5
919,10
919,14
920,9
920,16
920,19
921,6
922,9
922,11
922,16
923,9
923,15
924,3
924,9
924,17
926,9
928,9
928,15
928,16
928,18
930,11
930,16
930,18
931,15
931,16
931,18
932,9
932,16
933,7
933,15
933,16
933,18
934,6
936,6
936,16
938,14
940,2
940,3
940,16
943,9
943,10
943,16
945,6
945,14
945,16
948,9
948,16
948,20
950,6
950,7
951,6
951,16
952,3
952,6
953,5
953,9
953,10
953,16
954,9
955,6
955,16
965,9
965,15
965,18
968,12
968,17
968,18
969,3
969,6
969,16
969,19
971,9
986,3
986,5
991,9
994,6
994,9
996,2
996,7
996,9
996,18
999,7
999,11
1005,5
1005,6
1007,5
1007,6
1007,20
1009,3
1009,5
1009,10
1010,5
1010,6
1011,5
1011,6
1011,10
1011,16
1012,5
1012,9
1013,5
1013,6
1013,16
1015,3
1015,5
1015,9
1017,3
1017,5
1018,5
1018,6
1018,15
1019,3
1019,9
1019,17
1020,6
1021,5
1021,6
1022,4
1022,5
1022,10
1022,14
1022,16
1023,4
1023,5
1023,14
1024,4
1024,5
1024,14
1025,4
1025,5
1025,10
1025,14
1027,3
1027,9
1028,5
1028,6
1028,10
1028,14
1029,4
1029,5
1029,9
1029,14
1030,3
1030,4
1030,5
1030,14
1031,3
1031,5
1031,14
1032,3
1032,4
1032,5
1032,10
1032,14
1033,4
1033,5
1033,9
1035,14
1035,16
1036,2
1036,7
1036,18
1037,2
1037,12
1037,17
1037,18
1041,9
1042,6
1042,9
1047,2
1047,9
1047,18
1049,2
1049,3
1056,9
1057,6
1057,14
1057,16
1059,9
1059,16
1060,6
1060,9
1061,18
1064,4
1064,5
1064,6
1064,10
1064,14
1064,16
1073,5
1073,6
1073,10
1073,14
1077,6
1077,17
1078,6
1078,19
1079,6
1079,7
1080,6
1081,6
1081,14
1081,16
1082,9
1083,6
1083,14
1084,7
1084,9
1086,7
1086,15
1086,18
1088,9
1088,14
1088,16
1089,7
1089,15
1089,18
1090,9
1090,19
1091,6
1092,7
1092,15
1092,18
1093,9
1094,9
1094,16
1094,18
1095,9
1096,9
1097,5
1097,9
1097,17
1100,2
1100,9
1100,16
1101,2
1101,16
1103,9
1104,9
1120,6
1120,9
1124,9
1125,6
1125,7
1126,6
1126,10
1127,2
1127,3
1127,17
1127,18
1129,2
1129,3
1129,17
1129,18
1131,9
1131,15
1132,9
1135,6
1136,3
1136,6
1136,10
1147,8
1148,4
1148,5
1148,6
1148,7
1171,6
1172,9
1173,6
1173,9
1175,6
1175,9
1175,16
1177,9
1177,16
1178,9
1178,19
1179,7
1179,9
1179,11
1183,9
1183,16
1183,19
1184,6
1184,9
1185,9
1186,9
1188,6
1188,16
1189,8
1190,7
1190,9
1190,16
1191,8
1191,14
1193,9
1194,6
1196,2
1196,3
1196,17
1197,2
1197,3
1197,6
1197,10
1197,16
1198,2
1198,3
1199,10
1199,17
1200,2
1200,3
1200,12
1200,17
1201,2
1201,3
1201,20
1202,6
1203,9
1204,3
1204,9
1204,19
1206,7
1206,9
1206,17
1206,18
1207,9
1208,2
1208,9
1208,19
1209,2
1209,9
1209,20
1210,2
1210,3
1210,17
1211,9
1211,10
1211,16
1212,11
1212,15
1212,18
1213,7
1213,9
1214,12
1214,17
1215,2
1215,3
1215,6
1215,10
1215,12
1216,3
1216,9
1216,16
1217,9
1217,19
1218,2
1218,7
1218,9
1218,18
1219,7
1219,12
1220,2
1220,6
1220,14
1221,7
1221,9
1222,9
1222,19
1223,3
1223,4
1223,5
1223,6
1223,17
1224,2
1224,9
1224,16
1224,19
1225,9
1226,9
1226,16
1227,7
1227,9
1228,9
1230,6
1230,16
1231,9
1232,9
1232,15
1232,17
1233,2
1233,9
1233,19
1234,6
1234,7
1235,6
1235,9
1235,16
1237,9
1238,6
1240,2
1240,17
1240,18
1241,6
1241,10
1241,12
1242,9
1242,19
1243,6
1243,9
1244,6
1244,9
1244,16
1245,7
1245,9
1245,11
1245,18
1246,9
1247,6
1247,9
1247,16
1248,7
1248,11
1248,18
1249,2
1249,7
1249,16
1249,18
1250,3
1250,9
1250,19
1251,9
1251,10
1252,7
1252,11
1252,15
1252,18
1253,9
1253,17
1253,18
1254,2
1254,3
1254,9
1254,20
1255,6
1255,12
1255,17
1256,6
1256,14
1256,19
1257,6
1257,16
1258,12
1259,3
1259,9
1260,7
1260,11
1260,18
1261,2
1261,6
1261,10
1261,12
1262,2
1262,3
1262,9
1262,19
1263,9
1263,19
1265,6
1265,10
1265,16
1266,9
1266,20
1267,7
1267,18
1267,19
1268,6
1268,9
1269,6
1269,15
1269,18
1270,3
1270,6
1270,17
1271,6
1271,7
1271,9
1272,9
1272,19
1273,6
1273,9
1273,11
1274,2
1274,3
1274,4
1274,17
1275,2
1275,3
1275,10
1276,9
1277,6
1277,9
1277,16
1278,6
1278,10
1279,6
1279,9
1280,9
1281,6
1281,9
1281,19
1282,4
1282,5
1282,10
1282,14
1283,9
1283,20
1284,7
1284,11
1284,15
1285,6
1286,9
1286,16
1287,2
1287,3
1287,9
1288,6
1289,8
1290,9
1290,16
1291,2
1291,3
1292,6
1292,9
1293,9
1295,9
1296,9
1296,16
1297,6
1298,9
1298,14
1299,9
1299,19
1300,6
1300,9
1301,9
1301,17
1302,5
1302,9
1302,10
1303,3
1303,9
1304,2
1304,20
1307,6
1307,16
1320,2
1320,12
1320,17
1320,18
1321,6
1321,12
1321,18
1327,9
1327,12
1327,15
1327,18
1333,12
1333,18
1334,12
1334,17
1339,10
1339,12
1339,16
1339,18
1342,12
1342,18
1343,18
1344,7
1344,9
1344,18
1345,9
1345,10
1345,12
1345,18
1346,9
1346,10
1346,12
1347,12
1347,18
1348,12
1350,12
1350,15
1350,18
1354,9
1354,15
1356,2
1356,3
1356,17
1356,18
1357,9
1357,16
1358,9
1359,5
1359,6
1367,3
1367,5
1367,6
1370,2
1370,3
1370,18
1371,3
1371,17
1372,2
1372,15
1372,17
1373,2
1373,17
1374,2
1374,3
1374,17
1374,18
1375,2
1375,3
1375,17
1376,3
1376,6
1376,17
1377,2
1377,7
1378,2
1378,6
1378,20
1379,2
1379,20
1380,6
1380,14
1380,16
1381,6
1381,14
1381,16
1385,2
1385,9
1385,18
1387,2
1387,12
1388,12
1388,18
1389,2
1389,12
1390,6
1391,2
1391,6
1391,17
1393,9
1393,16
1394,6
1396,2
1396,6
1396,7
1396,9
1396,17
1405,3
1405,4
1405,6
1405,7
1407,6
1407,12
1407,15
1407,18
1408,2
1408,16
1408,19
1408,20
1409,6
1409,9
1409,10
1409,16
1411,7
1411,9
1411,16
1414,6
1416,9
1416,14
1425,6
1429,2
1429,3
1429,6
1429,18
1431,2
1431,6
1432,2
1432,6
1432,7
1432,9
1432,18
1438,2
1438,18
1441,6
1441,16
1445,6
1445,19
1446,6
1446,9
1449,6
1454,6
1454,9
1457,6
1457,9
1457,16
1459,15
1459,18
1461,6
1464,7
1464,9
1464,10
1464,11
1464,15
1464,16
1466,7
1466,9
1474,5
1474,6
1476,6
1476,9
1479,2
1479,16
1479,17
1479,18
1480,9
1480,18
1483,9
1483,18
1485,6
1488,2
1488,9
1488,18
1499,2
1499,3
1499,18
1500,6
1500,7
1500,16
1513,6
1515,2
1515,9
1515,18
1517,2
1517,3
1517,6
1518,2
1518,18
1527,2
1527,3
1527,6
1527,17
1537,6
1537,9
1537,16
1541,6
1541,16
1542,6
1542,9
1542,16
1544,2
1544,3
1544,17
1544,18
1552,2
1552,3
1552,18
1556,2
1556,16
1556,18
1562,2
1562,3
1562,10
1562,18
1566,3
1566,4
1566,5
1566,6
1566,14
1569,6
1569,16
1573,2
1573,7
1573,9
1573,18
1580,2
1580,6
1580,17
1584,9
1584,17
1586,2
1586,9
1587,2
1587,3
1587,10
1588,5
1588,6
1589,2
1589,7
1589,9
1589,18
1590,12
1590,17
1590,18
1591,2
1591,3
1591,17
1591,18
1593,6
1593,16
1594,6
1594,9
1597,9
1597,15
1597,16
1597,18
1603,12
1603,17
1603,18
1608,2
1608,18
1610,2
1610,3
1610,18
1614,6
1615,3
1615,9
1616,2
1616,18
1616,19
1617,7
1617,11
1617,15
1617,18
1619,3
1619,9
1619,19
1620,7
1620,9
1620,15
1620,18
1625,9
1625,15
1625,18
1627,7
1627,9
1627,15
1635,9
1639,6
1639,9
1639,16
1641,6
1641,9
1644,12
1644,15
1644,18
1645,9
1645,15
1645,18
1646,5
1646,6
1646,16
1646,17
1653,9
1653,17
1653,18
1658,16
1658,18
1663,6
1663,19
1665,6
1672,9
1673,9
1674,9
1674,16
1674,18
1676,2
1676,17
1678,9
1678,16
1680,9
1680,16
1681,2
1681,3
1681,10
1682,6
1682,9
1682,17
1687,2
1687,18
1688,3
1688,4
1688,5
1688,9
1688,14
1689,6
1689,7
1689,18
1690,2
1690,12
1690,17
1693,9
1693,15
1694,9
1701,6
1701,9
1702,5
1702,6
1702,10
1704,9
1704,16
1707,5
1707,6
1711,7
1711,9
1711,15
1713,5
1713,6
1717,6
1717,12
1717,15
1717,18
1719,9
1721,9
1721,16
1722,2
1722,3
1722,18
1726,2
1726,3
1726,9
1726,17
1729,7
1729,9
1729,18
1732,6
1732,7
1734,6
1734,9
1735,9
1735,16
1747,6
1748,3
1748,11
1748,17
1748,18
1753,6
1754,7
1754,9
1754,10
1754,18
1760,6
1769,2
1769,7
1769,18
1772,2
1772,6
1772,14
1777,6
1777,16
1779,17
1779,18
1784,6
1784,9
1784,16
1792,2
1792,7
1792,18
1797,8
1797,13
1799,6
1799,7
1799,9
1799,15
1799,18
1801,2
1801,3
1801,9
1805,7
1805,9
1805,15
1805,18
1806,3
1806,5
1806,6
1809,7
1809,9
1810,6
1810,9
1831,2
1831,3
1831,17
1833,2
1833,9
1833,18
1834,7
1834,9
1834,15
1834,18
1835,9
1835,10
1835,16
1840,9
1845,6
1845,15
1845,18
1848,3
1848,5
1848,6
1848,10
1855,6
1858,2
1858,6
1862,12
1862,17
1863,6
1866,2
1866,6
1866,7
1873,7
1873,9
1873,16
1873,19
1875,6
1876,9
1876,17
1876,18
1882,2
1882,17
1882,18
1883,6
1883,9
1883,16
1884,3
1884,6
1884,9
1885,6
1885,9
1885,16
1889,9
1889,15
1889,18
1892,18
1894,3
1894,6
1894,16
1895,6
1895,9
1895,16
1907,3
1907,4
1907,5
1907,6
1907,9
1907,14
1907,16
1909,2
1909,7
1909,15
1909,17
1909,18
1911,6
1912,6
1912,7
1912,9
1912,16
1912,18
1914,6
1914,9
1916,9
1916,16
1917,2
1917,16
1917,17
1917,18
1918,2
1918,6
1918,7
1918,18
1920,4
1920,5
1920,10
1920,19
1921,9
1921,17
1921,18
1923,6
1923,16
1924,12
1924,17
1927,2
1927,9
1927,19
1931,3
1931,9
1939,9
1939,19
1944,9
1944,16
1944,19
1945,7
1945,9
1947,9
1947,14
1947,16
1948,3
1948,6
1948,16
1950,9
1950,15
1951,9
1951,14
1952,9
1953,2
1953,7
1953,18
1954,9
1955,9
1956,9
1957,9
1958,6
1958,9
1959,9
1959,16
1960,9
1961,9
1962,9
1963,6
1963,7
1964,9
1964,15
1965,6
1965,17
1966,6
1967,3
1967,10
1967,14
1968,6
1968,9
1969,12
1970,12
1970,18
1971,12
1971,18
1972,12
1974,12
1974,15
1974,18
1975,12
1976,12
1977,12
1982,12
1991,12
1991,18
1994,12
1994,18
1995,12
1995,18
1997,12
1997,15
2000,2
2000,6
2000,7
2000,9
2001,2
2001,6
2001,7
2001,9
2002,2
2002,6
2002,7
2002,9
2003,6
2003,12
2004,6
2004,12
2005,2
2005,3
2005,5
2005,6
2005,10
2006,2
2006,6
2006,16
2009,9
2009,15
2009,17
2009,18
2010,9
2010,17
2011,3
2011,6
2011,17
2012,3
2012,6
2012,17
2012,20
2013,2
2013,3
2013,9
2014,5
2014,6
2014,10
2015,5
2015,6
2015,10
2018,4
2018,5
2018,9
2019,2
2019,3
2019,9
2020,9
2020,16
2021,3
2021,17
2022,9
2023,7
2023,9
2023,15
2023,18
2025,9
2025,16
2027,6
2027,7
2028,2
2028,9
2028,19
2033,3
2033,4
2033,5
2033,10
2034,5
2034,17
2036,5
2036,6
2040,5
2040,6
2042,5
2042,6
2046,3
2046,5
2046,17
2048,2
2048,4
2048,5
2048,7
2052,5
2052,6
2052,10
2052,12
2053,5
2053,6
2053,17
2054,3
2054,5
2054,6
2054,10
2054,17
2058,2
2058,7
2058,9
2058,15
2058,18
2059,5
2059,6
2059,16
2060,6
2064,8
2065,6
2065,9
2065,10
2065,16
2067,9
2067,16
2067,19
2072,6
2076,9
2076,15
2076,18
2078,4
2078,5
2078,6
2078,14
2080,4
2080,5
2080,6
2080,16
2081,4
2081,5
2081,6
2081,14
2081,16
2082,5
2082,6
2083,5
2083,6
2083,14
2085,3
2085,4
2085,5
2087,4
2087,5
2087,10
2087,14
2088,3
2088,6
2088,14
2089,3
2089,4
2089,5
2090,3
2090,4
2090,5
2090,7
2090,9
2092,3
2092,4
2092,5
2092,10
2092,14
2092,16
2093,3
2093,5
2093,10
2094,2
2094,3
2094,17
2096,4
2096,5
2096,14
2097,5
2097,9
2097,10
2097,15
2097,18
2099,3
2099,4
2099,5
2099,14
2100,6
2100,10
2100,16
2105,2
2105,3
2105,17
2108,6
2108,16
2109,6
2110,6
2110,7
2110,18
2111,6
2112,7
2112,9
2114,9
2115,2
2115,3
2115,10
2116,3
2116,4
2116,5
2116,10
2117,9
2117,17
2118,18
2121,12
2121,18
2122,12
2122,18
2123,4
2123,5
2123,6
2123,9
2123,10
2124,5
2124,6
2124,10
2125,6
2125,9
2125,16
2126,2
2126,7
2126,15
2126,18
2130,7
2130,9
2130,16
2132,9
2133,3
2133,6
2134,6
2134,10
2134,17
2135,3
2135,5
2135,14
2136,6
2136,17
2137,4
2137,5
2138,3
2138,4
2138,5
2138,9
2138,10
2139,3
2139,4
2139,5
2139,9
2140,3
2140,10
2141,3
2141,4
2141,5
2141,6
2142,3
2142,4
2142,5
2142,14
2142,20
2143,3
2143,10
2143,16
2144,6
2144,16
2145,6
2145,9
2145,16
2146,9
2146,16
2148,6
2148,10
2148,12
2150,3
2150,6
2151,6
2153,2
2153,3
2155,6
2155,9
2159,7
2159,12
2159,18
2160,9
2160,12
2160,18
2161,3
2161,5
2161,10
2162,3
2162,5
2162,10
2167,2
2167,12
2167,18
2169,6
2171,6
2171,9
2171,16
2174,6
2174,10
2176,7
2176,9
2176,18
2183,3
2183,9
2183,15
2183,18
2184,6
2184,15
2186,7
2186,9
2186,11
2186,18
2193,2
2193,3
2193,10
2194,2
2194,7
2194,9
2195,6
2202,9
2202,19
2203,7
2203,9
2203,18
2208,9
2208,15
2208,18
2231,9
2232,12
2232,15
2232,17
2232,18
2236,9
2239,6
2239,9
2240,9
2243,6
2243,9
2243,16
2245,6
2245,9
2245,16
2247,6
2248,6
2248,9
2248,16
2249,6
2253,6
2253,10
2259,6
2259,16
2261,6
2262,6
2262,9
2262,16
2268,7
2268,9
2268,18
2269,9
2269,16
2273,2
2273,6
2273,7
2273,18
2278,2
2278,7
2278,18
2279,12
2279,18
2282,6
2282,9
2288,2
2288,12
2288,17
2288,18
2289,6
2289,7
2289,9
2291,9
2291,10
2291,16
2294,3
2294,4
2294,5
2294,6
2294,10
2296,6
2297,3
2297,9
2297,10
2297,16
2300,6
2301,6
2301,14
2302,6
2306,6
2311,17
2312,9
2313,9
2315,6
2315,12
2315,18
2316,9
2316,10
2316,15
2316,16
2318,6
2318,9
2320,9
2320,18
2321,6
2321,9
2321,10
2322,2
2322,17
2322,19
2324,6
2324,9
2324,16
2324,19
2325,6
2328,12
2328,20
2329,7
2329,9
2334,2
2334,18
2335,6
2336,9
2338,12
2338,15
2338,18
2340,16
2344,2
2344,3
2344,9
2344,18
2346,15
2346,17
2346,18
2348,9
2349,6
2349,18
2351,9
2352,6
2352,9
2353,2
2353,18
2354,4
2354,5
2354,6
2355,3
2355,4
2355,5
2355,6
2357,9
2359,6
2360,9
2361,6
2366,2
2366,3
2366,10
2366,12
2367,3
2367,10
2367,16
2367,17
2367,18
2369,6
2369,9
2369,16
2371,6
2371,7
2371,15
2372,6
2373,2
2373,3
2373,10
2374,6
2374,9
2375,6
2376,2
2376,3
2376,18
2378,6
2378,7
2379,6
2379,7
2380,6
2380,7
2381,6
2381,7
2384,3
2384,5
2384,9
2387,6
2387,7
2389,7
2389,12
2389,18
2390,6
2391,7
2391,9
2391,18
2392,5
2392,6
2392,9
2393,2
2393,9
2393,16
2393,17
2394,4
2394,14
2395,6
2395,9
2396,6
2396,9
2396,16
2398,6
2398,9
2401,20
2402,2
2402,3
2402,18
2403,2
2403,3
2403,9
2403,18
2404,2
2404,3
2404,18
2404,19
2405,2
2405,3
2405,6
2405,16
2406,2
2406,3
2406,6
2406,16
2407,6
2407,17
2408,6
2408,17
2409,2
2409,9
2410,2
2410,9
2411,2
2411,9
2412,2
2412,9
2413,6
2413,7
2413,15
2413,18
2414,2
2414,3
2414,5
2414,10
2414,15
2414,18
2416,6
2418,6
2420,9
2421,2
2421,3
2421,9
2422,2
2422,3
2422,5
2422,9
2423,6
2424,6
2424,16
2427,2
2427,9
2427,19
2428,12
2428,17
2430,3
2430,5
2430,9
2431,6
2431,9
2432,9
2433,9
2443,9
2443,16
2445,9
2447,6
2447,9
2450,3
2450,6
2450,17
2454,12
2454,15
2454,17
2455,9
2455,12
2455,17
2455,18
2456,12
2456,17
2457,2
2457,6
2458,6
2458,7
2459,12
2463,6
2467,7
2467,9
2467,15
2467,18
2468,2
2468,6
2468,16
2468,18
2469,6
2469,9
2470,3
2470,6
2471,2
2471,3
2471,6
2473,6
2474,9
2476,2
2476,19
2478,6
2478,20
2485,6
2485,16
2490,2
2490,18
2492,6
2492,16
2496,6
2496,16
2500,6
2501,9
2502,6
2502,7
2505,9
2505,15
2505,18
2513,12
2517,12
2518,6
2524,2
2524,3
2524,9
2524,18
2527,2
2527,17
2527,18
2527,20
2528,2
2528,3
2528,17
2529,2
2529,9
2529,17
2530,2
2530,17
2531,2
2531,17
2532,2
2532,17
2533,2
2533,17
2539,6
2541,9
2542,6
2542,7
2542,18
2549,2
2549,17
2550,12
2550,18
2551,9
2551,12
2551,18
2558,6
2558,16
2560,12
2560,18
2565,9
2565,14
2565,16
2567,6
2568,2
2568,7
2571,2
2571,17
2571,18
2572,6
2572,16
2579,7
2579,15
2579,18
2580,6
2580,7
2581,6
2581,16
2583,6
2583,9
2594,9
2594,16
2594,17
2594,18
2596,6
2596,9
2598,6
2599,6
2600,2
2600,17
2600,18
2605,7
2605,18
2606,6
2606,12
2613,6
2613,12
2613,17
2616,2
2616,7
2617,2
2617,3
2617,6
2617,10
2617,12
2617,18
2622,6
2622,10
2628,2
2628,3
2628,17
2640,2
2640,3
2640,17
2641,2
2641,17
2642,2
2642,3
2642,17
2643,2
2643,3
2643,17
2644,12
2648,9
2648,12
2648,17
2657,6
2657,12
2657,14
2657,17
2662,2
2662,9
2662,17
2664,12
2664,17
2664,18
2668,12
2668,17
2671,6
2671,16
2672,9
2672,17
2672,18
2676,9
2676,18
2683,2
2683,3
2683,6
2686,9
2686,15
2687,3
2687,4
2687,5
2687,9
2688,7
2688,9
2688,15
2688,18
2690,6
2690,16
2692,2
2692,7
2694,6
2699,6
2699,12
2700,4
2700,6
2700,14
2701,2
2701,6
2701,17
2701,20
2702,9
2706,6
2706,16
2707,18
2709,5
2709,6
2710,9
2710,12
2710,18
2712,9
2712,15
2712,18
2713,12
2713,18
2716,2
2716,6
2716,17
2717,6
2717,10
2717,17
2718,6
2719,12
2719,18
2720,2
2720,3
2720,5
2720,6
2722,2
2722,12
2722,17
2722,18
2723,2
2723,6
2723,10
2724,6
2724,16
2726,7
2726,11
2728,2
2728,9
2728,16
2728,19
2729,9
2729,16
2730,9
2730,16
2730,19
2731,7
2731,9
2734,3
2734,9
2734,18
2735,2
2735,3
2735,6
2735,10
2735,15
2739,9
2745,9
2746,6
2746,12
2746,14
2747,6
2747,12
2748,2
2748,3
2748,6
2750,6
2750,9
2752,6
2752,15
2759,6
2761,3
2761,4
2761,5
2761,9
2761,17
2762,9
2762,12
2762,15
2763,2
2763,15
2764,7
2764,9
2764,16
2764,18
2770,6
2772,6
2779,6
2787,12
2788,6
2791,6
2792,6
2793,6
2793,12
2793,16
2793,18
2794,3
2794,6
2794,16
2795,6
2796,6
2797,6
2797,9
2797,10
2797,16
2798,5
2798,6
2799,6
2802,2
2802,9
2802,16
2802,18
2803,7
2803,9
2803,15
2803,16
2803,18
2804,5
2804,6
2805,6
2805,16
2806,6
2806,18
2808,2
2808,17
2815,2
2815,19
2819,9
2819,15
2819,16
2819,18
2822,3
2822,16
2826,2
2826,3
2826,10
2827,12
2827,17
2827,18
2829,6
2840,9
2840,18
2841,12
2841,15
2841,18
2843,6
2843,16
2846,3
2846,5
2846,6
2846,9
2857,3
2857,4
2857,6
2857,10
2857,14
2858,9
2858,16
2859,8
2859,14
2860,6
2861,6
2861,9
2863,3
2863,6
2863,14
2867,6
2867,12
2867,18
2870,6
2871,3
2871,9
2871,18
2872,3
2872,10
2875,9
2875,15
2875,16
2877,14
2879,2
2879,3
2879,6
2880,2
2880,3
2880,6
2881,2
2881,7
2881,9
2881,18
2889,6
2889,9
2890,2
2890,3
2890,6
2890,9
2890,19
2901,12
2901,17
2906,9
2906,16
2907,6
2908,9
2912,7
2912,9
2912,18
2915,6
2916,2
2916,3
2916,17
2916,18
2917,7
2917,18
2918,6
2919,9
2919,16
2919,19
2921,20
2924,2
2924,6
2926,6
2926,9
2935,6
2935,16
2936,3
2936,6
2936,16
2940,9
2940,11
2940,15
2940,16
2941,14
2941,16
2941,19
2942,9
2942,16
2944,2
2944,9
2944,19
2946,6
2946,14
2947,2
2947,3
2947,18
2948,2
2948,3
2948,18
2949,2
2949,3
2949,18
2950,3
2950,9
2950,16
2951,2
2951,20
2952,7
2952,9
2952,18
2953,5
2953,6
2956,2
2956,7
2956,18
2959,2
2959,7
2959,9
2959,18
2966,3
2966,9
2968,3
2968,6
2968,10
2968,17
2971,9
2971,10
2971,14
2973,6
2973,7
2973,9
2976,9
2985,2
2985,7
2985,9
2985,17
2985,18
2986,2
2986,7
2986,17
2986,18
2987,3
2987,4
2987,5
2987,6
2987,7
2987,10
2987,15
2989,2
2989,3
2989,18
2990,2
2990,3
2990,18
2991,2
2991,3
2991,18
2993,2
2993,3
2993,18
2995,12
2995,18
2997,6
2997,9
2997,10
3000,2
3000,3
3000,4
3000,9
3000,10
3004,6
3004,16
3005,18
3006,9
3006,18
3007,8
3016,12
3018,6
3018,12
3018,17
3019,7
3019,9
3020,2
3020,9
3022,6
3022,19
3029,2
3029,9
3030,2
3030,3
3032,2
3032,9
3032,17
3032,18
3033,6
3033,17
3034,3
3034,4
3034,5
3034,6
3034,14
3035,6
3035,9
3035,19
3036,3
3036,9
3037,20
3039,6
3040,6
3041,6
3044,15
3044,16
3044,18
3052,3
3052,6
3052,10
3053,9
3053,19
3054,3
3054,4
3054,5
3054,10
3054,17
3060,6
3060,9
3060,14
3061,6
3061,14
3062,2
3062,9
3062,19
3063,9
3063,18
3066,2
3066,9
3066,19
3067,6
3067,9
3068,9
3068,15
3070,3
3070,6
3070,17
3071,6
3071,9
3072,6
3072,16
3079,6
3079,9
3079,16
3081,10
3081,12
3081,15
3081,16
3082,2
3082,3
3082,18
3083,9
3087,6
3087,10
3087,16
3088,6
3088,10
3089,9
3090,9
3095,9
3098,9
3099,6
3099,9
3099,16
3100,9
3101,9
3101,18
3102,7
3102,16
3102,18
3104,2
3104,6
3104,7
3104,18
3105,9
3105,15
3107,2
3107,9
3108,6
3108,9
3108,10
3108,16
3113,2
3113,10
3113,12
3113,15
3113,18
3114,3
3114,4
3114,5
3114,6
3114,10
3134,9
3134,19
3146,6
3147,7
3147,9
3148,9
3152,9
3155,9
3155,16
3156,9
3156,16
3156,17
3157,5
3157,6
3157,10
3159,4
3159,5
3159,13
3159,14
3160,9
3168,3
3168,9
3173,9
3174,6
3174,9
3175,3
3175,6
3175,17
3176,9
3176,15
3176,18
3177,6
3178,9
3181,9
3186,9
3189,5
3189,9
3196,9
3196,19
3197,2
3197,7
3197,16
3197,18
3198,7
3198,9
3200,6
3200,9
3201,9
3203,18
3204,2
3204,15
3204,18
3208,2
3208,6
3210,6
3210,9
3210,16
3213,4
3213,5
3219,15
3219,18
3238,18
3243,6
3244,6
3244,16
3246,9
3247,6
3247,7
3248,6
3249,9
3249,18
3250,9
3252,9
3253,6
3254,6
3255,6
3255,9
3256,2
3256,7
3256,9
3256,18
3257,9
3257,16
3257,18
3258,6
3258,10
3259,3
3259,9
3259,16
3260,9
3261,6
3261,9
3261,16
3262,7
3262,9
3262,15
3262,18
3263,6
3263,9
3264,2
3264,6
3264,12
3265,2
3265,7
3265,9
3265,18
3266,6
3266,7
3266,9
3266,18
3267,2
3267,7
3267,18
3267,20
3268,2
3268,6
3269,9
3269,16
3269,17
3270,6
3270,9
3270,16
3271,9
3272,7
3272,9
3273,6
3273,12
3273,15
3273,18
3274,9
3274,18
3275,2
3275,7
3275,9
3275,18
3285,3
3285,9
3296,9
3298,7
3298,9
3298,18
3300,12
3300,17
3300,18
3301,6
3301,7
3307,6
3307,9
3307,16
3308,6
3308,9
3316,2
3316,18
3317,6
3317,9
3328,7
3328,9
3334,7
3334,9
3334,11
3334,18
3341,6
3347,3
3347,9
3354,17
3355,10
3355,12
3355,15
3355,18
3358,6
3358,9
3358,10
3358,16
3359,6
3359,9
3360,9
3360,16
3361,6
3361,9
3361,16
3362,7
3362,9
3363,6
3363,9
3365,9
3365,20
3385,6
3386,9
3386,15
3386,18
3387,6
3387,15
3388,5
3388,6
3392,6
3394,6
3394,16
3396,3
3396,5
3396,6
3396,14
3397,5
3397,6
3398,5
3398,6
3398,14
3408,9
3409,9
3409,18
3412,3
3412,5
3412,9
3418,3
3418,7
3418,9
3421,6
3422,6
3422,16
3424,9
3426,9
3426,16
3429,4
3429,6
3435,7
3435,9
3435,11
3438,2
3438,5
3438,6
3438,10
3438,17
3439,2
3439,5
3439,10
3440,2
3440,3
3440,5
3440,6
3440,10
3441,2
3441,9
3441,19
3444,2
3448,6
3448,9
3448,19
3450,6
3451,9
3452,2
3452,7
3452,16
3452,18
3461,3
3461,9
3461,18
3462,6
3462,9
3462,16
3466,6
3466,10
3468,9
3471,3
3471,9
3471,17
3476,12
3476,15
3477,6
3477,9
3478,9
3479,3
3479,10
3479,16
3481,6
3481,9
3481,16
3483,4
3483,5
3484,18
3489,3
3489,6
3489,10
3494,3
3494,9
3494,20
3498,9
3499,9
3499,12
3499,18
3503,9
3503,15
3503,17
3504,6
3504,9
3505,9
3505,15
3505,18
3507,6
3508,2
3508,3
3508,9
3508,18
3508,20
3510,9
3510,18
3511,6
3512,9
3512,16
3513,9
3513,18
3515,6
3515,16
3519,2
3519,9
3519,19
3521,6
3521,9
3524,6
3524,16
3526,6
3526,9
3527,2
3527,17
3527,18
3534,9
3535,7
3535,12
3535,15
3535,18
3536,6
3536,9
3536,16
3543,6
3543,9
3549,6
3549,14
3549,16
3550,12
3551,7
3551,9
3551,18
3552,6
3555,2
3555,18
3555,19
3556,9
3556,16
3564,5
3564,6
3565,6
3565,9
3566,6
3566,9
3578,2
3578,3
3578,9
3591,6
3591,9
3593,2
3593,17
3608,3
3608,6
3614,6
3614,16
3615,3
3615,4
3615,5
3616,6
3616,16
3617,6
3618,6
3618,7
3623,2
3623,3
3623,18
3624,2
3624,3
3624,6
3624,20
3629,3
3629,6
3629,16
3633,2
3633,3
3633,16
3633,18
3635,2
3635,3
3635,18
3638,2
3638,3
3638,17
3638,18
3639,2
3639,3
3639,18
3646,6
3649,9
3654,2
3654,3
3654,9
3654,19
3668,9
3668,16
3671,6
3671,20
3675,6
3675,14
3675,16
3676,9
3676,12
3681,2
3681,9
3681,18
3681,20
3683,7
3683,9
3683,11
3684,9
3684,16
3685,6
3685,9
3685,16
3686,12
3686,17
3686,18
3688,6
3693,6
3693,12
3697,2
3697,17
3697,18
3698,2
3698,17
3699,3
3699,9
3699,16
3699,17
3701,7
3701,9
3701,17
3701,18
3702,2
3702,3
3702,17
3703,2
3703,3
3703,17
3703,18
3704,2
3704,3
3704,17
3705,2
3705,6
3705,16
3706,11
3706,12
3706,15
3706,18
3707,9
3707,16
3708,12
3708,18
3717,2
3717,7
3727,12
3727,20
3730,9
3730,15
3735,7
3735,9
3740,2
3740,3
3740,6
3740,10
3741,7
3741,9
3741,18
3742,9
3742,19
3744,2
3744,7
3744,18
3745,2
3745,3
3745,4
3745,5
3745,17
3751,4
3751,5
3751,6
3752,3
3752,6
3753,2
3753,9
3753,19
3754,3
3754,4
3754,5
3754,6
3754,10
3755,9
3755,18
3763,2
3763,7
3763,18
3766,2
3766,19
3770,12
3770,17
3770,18
3783,7
3783,9
3784,6
3784,10
3785,6
3785,12
3788,9
3788,15
3791,9
3793,2
3793,3
3793,17
3798,9
3798,12
3798,15
3799,4
3799,5
3809,6
3811,9
3811,19
3812,6
3814,6
3821,6
3824,9
3824,16
3825,6
3825,9
3825,16
3826,12
3826,17
3826,18
3827,2
3827,3
3827,6
3827,17
3831,6
3835,18
3836,2
3836,6
3836,19
3841,2
3841,6
3844,9
3852,6
3861,6
3863,9
3863,12
3863,18
3868,2
3868,6
3868,7
3868,16
3869,6
3873,6
3873,20
3877,2
3877,3
3877,10
3882,6
3889,2
3889,3
3889,10
3893,6
3893,7
3893,9
3893,16
3893,18
3896,7
3896,18
3897,9
3910,9
3910,14
3911,6
3916,9
3917,12
3918,12
3925,6
3925,9
3927,3
3927,17
3943,6
3948,6
3949,9
3950,9
3955,6
3959,2
3959,3
3959,17
3967,9
3968,6
3969,9
3972,2
3972,6
3977,2
3977,6
3978,9
3978,16
3979,6
3980,9
3981,2
3981,17
3981,18
3983,9
3983,16
3984,2
3984,3
3984,18
3985,9
3985,19
3986,2
3986,17
3986,18
3987,9
3987,16
3988,5
3988,6
3988,10
3991,5
3991,6
3993,9
3993,16
3994,9
3994,17
3996,2
3996,9
3996,16
3997,2
3997,3
3997,6
3997,10
3998,9
3999,2
3999,3
4002,6
4005,2
4005,3
4005,18
4006,3
4006,4
4006,5
4006,17
4007,9
4008,9
4008,19
4010,6
4011,6
4011,7
4011,18
4014,9
4014,16
4015,6
4015,17
4016,3
4016,4
4016,5
4016,6
4016,10
4017,9
4018,6
4018,16
4019,9
4020,18
4022,9
4023,6
4023,9
4023,16
4025,6
4025,7
4027,3
4027,6
4027,7
4029,6
4029,9
4033,9
4033,18
4033,19
4034,7
4034,9
4034,18
4036,9
4036,12
4037,7
4037,11
4037,15
4037,18
4039,5
4039,14
4040,6
4041,9
4041,16
4047,9
4047,19
4052,7
4052,9
4052,18
4054,9
4054,16
4056,7
4056,9
4056,15
4056,18
4062,6
4062,9
4062,16
4068,6
4069,6
4069,16
4084,2
4084,6
4084,7
4084,18
4085,2
4085,6
4085,7
4085,9
4090,4
4090,5
4102,6
4102,8
4103,2
4103,3
4103,9
4103,19
4105,10
4105,12
4105,18
4109,9
4109,18
4121,2
4121,3
4121,6
4121,17
4128,6
4128,12
4128,18
4132,6
4132,16
4133,2
4133,3
4133,10
4133,17
4144,9
4144,16
4148,12
4148,18
4149,6
4149,16
4153,6
4153,10
4153,16
4155,9
4155,16
4158,4
4158,6
4158,10
4159,2
4159,18
4161,2
4161,6
4167,18
4178,9
4203,2
4203,7
4203,9
4205,6
4205,9
4205,16
4210,2
4210,7
4210,9
4210,12
4210,18
4211,9
4214,6
4215,6
4223,9
4223,19
4225,6
4226,15
4226,18
4228,6
4228,7
4228,16
4232,2
4232,3
4232,5
4232,6
4233,6
4235,9
4235,18
4238,2
4238,7
4238,15
4238,18
4239,7
4239,9
4246,6
4246,9
4246,16
4247,3
4247,6
4247,15
4247,16
4254,6
4254,9
4255,6
4262,2
4262,7
4262,9
4270,2
4270,3
4270,6
4270,18
4280,6
4280,9
4280,16
4291,6
4291,7
4299,2
4299,6
4299,16
4306,3
4306,4
4306,5
4306,6
4306,10
4306,16
4308,9
4308,14
4308,16
4310,2
4310,9
4310,16
4310,19
4321,6
4321,20
4322,9
4326,7
4326,9
4326,18
4327,3
4327,20
4333,6
4333,7
4340,6
4343,6
4343,17
4344,2
4344,7
4344,9
4349,6
4349,19
4351,2
4351,7
4351,18
4359,6
4361,6
4361,16
4366,3
4366,4
4366,5
4366,10
4367,2
4367,3
4368,6
4369,2
4369,7
4369,18
4370,3
4370,9
4370,17
4378,7
4378,9
4380,9
4380,16
4386,5
4386,6
4387,2
4388,6
4396,2
4396,6
4427,9
4437,12
4446,3
4446,4
4446,10
4446,17
4447,6
4447,16
4448,2
4448,9
4450,7
4450,9
4450,18
4452,6
4467,3
4467,6
4467,10
4477,3
4477,5
4477,6
4487,9
4487,16
4489,6
4489,16
4499,6
4508,9
4519,3
4519,4
4519,5
4519,10
4545,6
4545,17
4546,9
4546,18
4553,2
4553,17
4553,18
4558,6
4564,9
4564,10
4564,16
4571,3
4571,6
4571,17
4587,6
4587,14
4587,17
4621,6
4621,16
4623,6
4638,2
4638,3
4638,17
4638,18
4639,6
4639,16
4641,6
4641,9
4642,6
4642,9
4642,14
4643,2
4643,3
4643,9
4643,17
4649,6
4654,2
4654,9
4676,6
4677,6
4677,7
4678,6
4679,6
4681,6
4681,9
4700,5
4700,6
4700,16
4701,2
4701,6
4713,9
4713,17
4718,6
4719,2
4719,4
4719,6
4719,7
4719,9
4719,16
4719,18
4720,9
4720,12
4720,15
4720,18
4728,6
4732,6
4734,3
4734,6
4741,6
4741,9
4741,16
4744,12
4748,2
4748,5
4748,6
4754,9
4754,12
4754,15
4754,18
4774,6
4774,7
4776,7
4776,9
4776,18
4787,9
4799,2
4799,3
4799,6
4799,7
4812,3
4812,17
4815,9
4816,6
4823,6
4823,16
4844,6
4844,7
4844,16
4848,7
4848,9
4848,11
4848,15
4848,18
4855,2
4855,7
4855,18
4857,9
4857,14
4865,7
4865,12
4865,15
4865,18
4866,2
4873,4
4873,9
4873,10
4874,9
4874,10
4874,15
4874,17
4876,12
4876,18
4878,9
4878,15
4878,17
4878,18
4880,9
4881,7
4881,9
4886,3
4886,4
4886,5
4886,6
4886,10
4887,2
4887,17
4887,18
4889,7
4889,9
4890,6
4890,10
4890,16
4896,3
4896,5
4896,10
4899,3
4899,6
4899,10
4901,2
4901,7
4901,9
4901,18
4902,9
4902,10
4902,12
4902,18
4902,19
4903,9
4914,7
4914,9
4914,16
4936,9
4936,14
4941,2
4941,3
4941,17
4951,3
4951,9
4951,18
4954,6
4954,7
4958,2
4958,9
4958,19
4963,7
4963,18
4967,9
4967,19
4973,6
4973,16
4974,6
4975,15
4975,16
4975,17
4975,18
4978,9
4978,15
4978,18
4979,6
4979,9
4980,3
4980,6
4980,10
4980,17
4989,6
4992,6
4992,16
4993,3
4993,10
4994,6
4994,9
4994,16
4995,9
4995,16
5004,6
5008,9
5008,15
5008,18
5009,9
5010,2
5010,9
5010,19
5013,6
5013,9
5013,15
5014,9
5015,9
5015,16
5016,9
5025,6
5026,2
5026,15
5026,18
5039,2
5039,3
5039,10
5040,2
5040,3
5040,10
5047,2
5047,6
5049,2
5049,6
5049,7
5049,9
5055,2
5055,9
5060,6
5060,9
5060,19
5064,2
5064,3
5064,9
5064,18
5065,9
5065,10
5065,12
5065,15
5065,18
5066,9
5066,16
5072,4
5072,17
5093,2
5093,18
5094,2
5094,17
5103,5
5103,6
5103,9
5106,6
5106,14
5106,16
5108,7
5108,9
5108,18
5110,6
5110,7
5110,15
5128,10
5128,12
5135,6
5135,16
5139,6
5146,4
5146,10
5146,12
5146,17
5151,6
5151,16
5152,2
5152,9
5152,19
5159,4
5159,5
5159,6
5159,14
5171,2
5171,3
5171,17
5218,3
5218,4
5218,5
5218,6
5219,2
5219,12
5219,17
5219,18
5220,2
5220,6
5225,9
5225,16
5247,2
5247,6
5254,2
5254,12
5254,18
5265,6
5265,7
5265,9
5266,18
5267,9
5283,6
5291,7
5291,9
5291,15
5292,6
5293,9
5293,18
5294,7
5294,9
5294,18
5296,6
5296,16
5299,6
5299,16
5303,6
5303,16
5308,6
5309,6
5309,16
5312,7
5312,18
5313,2
5313,3
5313,10
5313,18
5316,16
5316,18
5319,7
5319,18
5323,12
5323,17
5323,18
5325,8
5329,7
5329,9
5329,18
5339,6
5339,9
5349,2
5349,3
5349,17
5349,18
5363,6
5364,9
5364,18
5377,6
5377,9
5377,16
5378,2
5378,3
5378,13
5378,17
5379,9
5380,6
5380,9
5380,16
5388,2
5388,7
5388,9
5388,15
5388,18
5400,9
5400,18
5401,6
5418,2
5418,15
5418,18
5419,3
5419,5
5419,6
5419,10
5419,15
5420,2
5420,9
5420,19
5421,9
5444,3
5444,4
5444,5
5444,17
5445,2
5445,7
5445,15
5445,17
5445,18
5446,3
5446,9
5449,6
5449,16
5452,5
5452,6
5452,16
5459,2
5459,6
5459,17
5463,2
5463,3
5463,10
5464,7
5464,9
5478,2
5478,6
5478,12
5478,17
5479,2
5479,3
5479,9
5479,18
5481,6
5500,6
5501,6
5501,15
5502,12
5502,17
5502,18
5504,3
5504,5
5505,6
5505,9
5507,2
5507,7
5507,18
5508,6
5508,9
5508,14
5524,3
5524,9
5524,16
5528,9
5528,18
5530,6
5530,9
5530,10
5530,17
5540,2
5540,3
5540,10
5540,16
5541,2
5541,6
5541,16
5541,19
5553,6
5553,7
5553,16
5553,18
5568,6
5572,6
5573,6
5573,7
5574,2
5574,7
5577,6
5577,9
5582,3
5582,6
5585,6
5608,9
5608,18
5617,6
5617,9
5617,16
5618,3
5618,4
5618,10
5620,6
5620,16
5621,2
5621,6
5630,7
5630,15
5630,18
5650,6
5669,8
5673,6
5673,9
5673,16
5679,12
5679,15
5679,18
5690,4
5690,9
5690,19
5693,6
5693,9
5693,16
5747,9
5747,19
5782,2
5782,9
5782,18
5784,12
5785,2
5785,6
5785,8
5791,9
5791,16
5792,6
5792,9
5803,2
5803,3
5803,6
5803,7
5810,9
5812,9
5812,16
5816,3
5816,10
5872,2
5872,3
5872,18
5878,9
5878,16
5881,9
5881,16
5881,17
5882,3
5882,4
5882,5
5882,13
5882,17
5900,6
5900,7
5902,6
5902,9
5902,16
5903,2
5903,17
5903,18
5941,6
5941,9
5941,14
5941,16
5942,6
5943,6
5943,16
5944,2
5944,9
5944,17
5944,18
5945,6
5945,9
5952,3
5952,10
5954,7
5954,9
5955,9
5956,7
5956,9
5957,6
5957,16
5959,7
5959,9
5959,18
5970,6
5970,9
5970,16
5971,4
5971,5
5971,9
5971,10
5989,7
5989,9
5991,6
5991,7
5991,9
5991,14
5992,9
5992,16
5995,9
5995,19
6001,6
6001,9
6003,6
6003,7
6003,9
6003,18
6006,6
6006,16
6016,2
6016,3
6016,7
6016,9
6016,18
6058,12
6058,18
6059,2
6059,18
6062,8
6104,6
6155,6
6155,16
6156,2
6156,3
6156,6
6157,2
6157,7
6166,6
6187,7
6187,9
6187,18
6188,6
6212,6
6213,2
6213,9
6213,18
6214,7
6214,9
6214,15
6214,18
6218,6
6218,9
6218,16
6238,6
6238,9
6238,16
6242,12
6242,15
6242,18
6250,9
6250,12
6250,17
6250,18
6264,2
6264,9
6264,17
6264,18
6266,6
6266,9
6266,16
6281,9
6281,18
6283,2
6283,4
6283,17
6283,18
6287,6
6290,12
6294,2
6294,3
6294,17
6296,6
6296,14
6297,3
6297,5
6297,6
6297,15
6299,8
6303,15
6303,17
6305,9
6305,17
6322,7
6322,18
6323,7
6323,12
6323,15
6323,18
6331,8
6333,2
6333,3
6333,17
6333,18
6338,5
6338,6
6350,2
6350,3
6350,4
6350,5
6350,10
6350,17
6365,2
6365,3
6365,13
6365,17
6365,18
6367,6
6367,16
6373,6
6373,9
6373,10
6373,16
6377,3
6377,4
6377,5
6377,6
6378,2
6378,7
6380,8
6383,2
6383,7
6383,18
6385,9
6440,9
6440,18
6482,6
6484,2
6484,7
6484,9
6502,2
6502,12
6502,17
6503,2
6503,3
6503,6
6503,7
6503,18
6534,2
6534,3
6534,17
6535,6
6536,3
6536,4
6536,5
6536,10
6537,2
6537,3
6537,17
6539,2
6539,3
6539,6
6539,10
6541,2
6541,10
6541,17
6548,2
6548,6
6548,7
6548,18
6550,2
6550,6
6550,18
6552,7
6552,9
6552,18
6564,2
6564,3
6564,6
6564,16
6564,18
6565,9
6586,6
6591,9
6593,5
6593,6
6593,10
6595,2
6595,18
6615,2
6615,12
6615,18
6617,20
6618,2
6618,6
6619,6
6620,6
6620,9
6639,9
6639,18
6645,2
6645,3
6645,9
6645,17
6659,6
6659,12
6659,17
6662,6
6662,7
6664,2
6664,3
6669,9
6707,12
6707,18
6708,6
6708,7
6708,9
6709,2
6709,3
6709,7
6709,18
6711,6
6711,9
6711,16
6721,2
6721,3
6721,9
6731,12
6731,17
6731,18
6753,5
6753,6
6753,9
6754,2
6754,10
6754,12
6755,6
6755,12
6763,6
6763,7
6764,2
6764,3
6764,6
6765,6
6765,9
6765,16
6773,4
6773,6
6773,10
6774,10
6774,12
6774,17
6774,18
6787,9
6787,18
6793,5
6793,6
6793,9
6796,7
6796,9
6807,6
6820,9
6820,12
6820,18
6857,2
6857,3
6857,4
6857,10
6863,6
6863,14
6867,6
6867,9
6868,7
6868,9
6868,15
6868,18
6870,7
6870,9
6870,15
6873,6
6873,16
6874,2
6874,7
6874,18
6879,9
6879,18
6880,12
6881,6
6881,9
6888,6
6888,12
6890,9
6893,2
6893,6
6893,7
6932,7
6932,9
6934,2
6934,3
6934,13
6934,17
6934,18
6936,5
6936,6
6936,10
6942,6
6942,9
6942,16
6944,6
6947,3
6947,9
6947,19
6952,12
6952,18
6953,7
6953,9
6953,15
6953,16
6953,18
6957,6
6957,7
6958,5
6958,6
6958,10
6958,12
6974,6
6974,7
6979,9
6979,17
6979,18
6987,7
6987,10
6987,12
6993,6
6993,9
6993,16
6996,2
6996,17
7001,12
7001,15
7001,17
7001,18
7004,2
7004,6
7004,7
7004,18
7007,2
7007,6
7007,7
7007,9
7007,18
7013,9
7013,11
7013,18
7022,2
7022,9
7022,12
7022,18
7028,6
7028,7
7034,9
7034,16
7036,6
7036,10
7046,6
7046,10
7046,12
7046,18
7063,3
7063,9
7064,9
7064,10
7076,2
7076,7
7076,9
7076,18
7090,2
7090,3
7090,9
7099,3
7099,4
7099,9
7099,10
7099,17
7101,6
7101,16
7123,9
7123,10
7123,15
7123,17
7132,6
7132,14
7132,16
7137,6
7137,9
7137,16
7139,9
7139,16
7143,2
7143,3
7143,9
7143,19
7147,9
7147,10
7147,16
7149,6
7149,9
7149,16
7150,6
7151,9
7151,16
7153,2
7153,3
7153,9
7153,10
7154,9
7154,16
7155,6
7156,8
7156,19
7158,9
7160,7
7160,9
7161,5
7161,6
7162,9
7162,16
7162,19
7163,2
7163,17
7163,18
7164,2
7164,3
7164,5
7164,10
7169,6
7169,16
7173,6
7173,16
7234,9
7235,2
7235,6
7235,7
7235,9
7235,12
7235,18
7247,3
7247,5
7247,6
7247,10
7247,14
7254,9
7254,17
7254,18
7255,6
7255,16
7256,3
7256,8
7263,9
7265,9
7285,9
7293,6
7293,16
7317,3
7317,6
7318,9
7319,6
7319,12
7323,6
7323,9
7324,3
7324,9
7325,2
7325,6
7325,7
7325,18
7327,9
7346,6
7346,16
7347,15
7347,18
7360,2
7360,9
7360,12
7360,18
7361,9
7361,16
7361,17
7366,6
7366,9
7366,16
7367,6
7367,7
7371,9
7371,15
7371,18
7373,2
7373,3
7373,10
7373,12
7375,6
7375,16
7376,2
7379,9
7379,19
7379,20
7380,6
7380,10
7380,16
7381,2
7381,6
7381,7
7387,2
7387,9
7387,12
7396,9
7419,6
7419,18
7438,2
7438,9
7438,18
7439,2
7439,7
7439,18
7444,6
7444,10
7444,16
7445,2
7445,7
7445,9
7445,15
7445,18
7451,6
7454,2
7454,3
7454,10
7454,12
7458,2
7458,3
7458,9
7458,19
7460,6
7460,9
7482,2
7482,7
7569,2
7569,3
7569,17
7569,18
7570,2
7570,3
7570,18
7573,2
7573,3
7573,18
7624,9
7669,9
7669,16
7701,6
7701,16
7802,2
7802,3
7802,7
7802,18
7934,6
7980,2
7980,9
7980,19
7981,7
7981,9
7981,18
8014,9
8042,7
8042,9
8132,2
8132,9
8154,9
8169,5
8169,6
8169,10
8169,17
8207,7
8207,18
8228,15
8254,6
8254,9
8254,10
8254,16
8340,9
8340,18
8360,3
8360,4
8360,5
8360,6
8360,14
8360,16
8361,2
8361,3
8361,9
8361,17
8361,18
8366,6
8366,9
8368,3
8368,10
8368,13
8370,2
8370,6
8370,7
8370,9
8371,2
8371,17
8371,18
8373,6
8373,10
8373,18
8376,6
8464,6
8464,8
8464,9
8493,2
8493,9
8493,19
8507,7
8507,9
8507,12
8528,6
8529,6
8529,9
8529,16
8533,9
8533,16
8614,6
8614,16
8622,8
8623,6
8623,16
8633,2
8633,3
8633,6
8633,17
8636,2
8636,3
8636,13
8636,17
8638,9
8638,16
8640,2
8640,3
8640,9
8640,19
8641,6
8643,6
8643,16
8644,2
8644,3
8644,17
8644,18
8645,7
8645,9
8665,2
8665,7
8665,18
8666,2
8666,7
8666,10
8781,18
8783,9
8783,15
8783,18
8784,6
8784,9
8784,16
8798,2
8798,7
8798,9
8798,18
8807,3
8807,6
8808,6
8808,16
8810,2
8810,12
8810,17
8810,18
8814,6
8860,2
8860,7
8860,9
8860,15
8860,18
8861,2
8861,12
8861,17
8861,18
8865,2
8865,3
8865,17
8866,6
8866,16
8873,3
8873,9
8874,6
8874,12
8879,7
8879,15
8879,18
8880,9
8907,4
8907,5
8907,6
8908,2
8908,9
8908,18
8910,6
8914,9
8914,17
8917,2
8917,3
8917,4
8917,6
8937,2
8937,9
8947,12
8947,15
8947,18
8949,6
8949,9
8949,16
8950,9
8950,15
8950,18
8957,12
8957,15
8957,18
8958,9
8961,2
8961,3
8961,4
8961,5
8961,6
8965,3
8965,4
8965,5
8965,10
8965,13
8966,9
8968,2
8968,3
8968,6
8968,7
8968,18
8969,6
8969,9
8969,16
8970,9
8972,2
8972,3
8972,9
8972,15
8972,18
8973,9
8973,18
8977,2
8977,3
8977,9
8977,19
8981,9
8981,16
8983,2
8983,9
8983,16
8984,2
8984,6
8984,7
8984,18
8985,2
8985,10
8985,12
8985,18
26133,4
26133,5
26133,6
26614,2
26614,3
26614,9
26614,15
26614,18
26662,3
26662,4
26662,5
26662,9
26662,10
26776,3
26776,4
26776,6
26776,10
26776,16
27266,9
27266,10
27266,16
27266,17
27317,9
27317,12
27317,15
27317,16
27317,18
27611,9
27611,17
27611,19
27660,2
27660,4
27660,9
27660,17
27706,3
27706,5
27706,6
27706,10
27721,9
27721,15
27721,16
27721,19
27731,3
27731,4
27731,5
27731,10
27741,9
27741,16
27772,12
27773,15
27773,18
27788,9
27788,15
27788,17
27788,18
27801,2
27801,18
27803,9
27808,6
27808,9
27808,16
27815,9
27821,9
27821,18
27831,7
27831,9
27831,18
27846,8
27904,4
27904,9
27904,15
27904,17
27904,18
30707,9
30749,9
30749,19
30793,3
30793,5
30793,6
30793,10
30793,13
30810,3
30810,6
30810,10
30812,9
30816,9
30816,14
30816,16
30822,6
30822,9
30825,6
30894,9
30894,12
30894,15
30894,17
30894,18
31221,2
31221,3
31221,7
31221,9
31225,9
31410,9
31410,19
31420,2
31420,7
31420,9
31420,18
31427,12
31427,15
31427,18
31433,6
31433,16
31658,3
31658,4
31658,10
31658,16
31685,6
31685,16
31696,2
31696,10
31696,12
31696,18
31878,2
31878,6
32011,12
32011,18
32017,2
32017,6
32019,6
32019,7
32019,14
32029,2
32029,7
32029,9
32029,18
32031,3
32031,4
32031,5
32031,6
32031,10
32031,13
32031,17
32296,3
32296,6
32296,7
32587,2
32587,7
32587,11
32587,15
32587,18
32596,2
32596,3
32596,6
32598,6
32598,16
33004,3
33004,6
33004,17
33085,12
33085,18
33154,8
33162,2
33162,9
33162,16
33162,19
33166,7
33166,9
33437,2
33437,7
33437,9
33437,18
33493,2
33493,3
33493,17
33495,6
33615,3
33615,4
33615,5
33615,6
33646,6
33646,9
33660,9
33660,16
33672,2
33672,6
33672,9
33679,2
33679,3
33679,6
33679,16
33794,2
33794,7
33794,13
33836,6
33836,10
33836,16
34048,2
34048,3
34048,17
34048,18
34072,8
34150,2
34150,3
34150,17
34162,6
34162,16
34319,2
34319,17
34319,18
34323,2
34323,7
34323,12
34332,2
34332,3
34332,5
34332,6
34338,6
34338,8
34405,2
34405,3
34405,17
34437,6
34437,9
34520,2
34520,3
34520,6
34534,2
34534,7
34534,9
35836,6
35836,16
35957,12
35957,18
36401,6
36401,10
36401,12
36401,18
36517,9
36517,18
36519,2
36519,7
36519,18
36525,6
36525,10
36525,16
36527,9
36529,2
36529,7
36529,9
36529,18
36529,19
36535,6
36535,9
36708,3
36708,4
36708,6
37380,2
37380,12
37380,17
37382,7
37382,9
37382,18
37384,6
37386,2
37386,17
37720,7
37720,9
37720,12
37720,18
37727,2
37727,9
37727,18
37729,4
37729,6
37729,10
37729,14
37729,16
37731,7
37731,9
37733,2
37733,7
37733,9
37733,18
37741,7
37741,9
37830,2
37830,3
37830,4
37830,10
37830,17
37857,3
37857,5
37857,9
37857,10
38038,3
38038,4
38038,5
38038,6
38061,6
38061,7
38061,15
38061,18
38886,6
38886,9
39183,9
39183,16
39292,7
39292,9
39381,7
39381,9
39381,20
39414,6
39414,9
39414,16
39444,6
39444,9
39446,12
39446,18
39715,6
40148,7
40148,9
40148,18
40278,2
40278,9
40278,19
40339,2
40339,3
40339,4
40339,5
40339,6
40339,17
40581,6
40581,16
40583,9
40583,18
40629,9
40629,16
40732,3
40732,9
40732,12
40732,18
40815,3
40815,10
40815,13
40815,18
40819,9
40819,14
40819,16
40826,9
40826,14
40826,16
41285,7
41285,9
41285,16
41566,3
41566,5
41566,10
41569,2
41569,3
41569,9
41569,10
41569,18
41571,9
41571,16
41573,6
41573,9
41573,16
41716,6
41716,9
41716,18
41997,2
41997,7
41997,9
41997,18
42002,6
42002,14
42004,3
42004,6
42004,9
42011,6
42011,7
42723,12
42725,6
42738,2
42738,10
42738,12
43396,9
43560,5
43560,6
43560,10
43679,12
43679,15
43679,18
43836,3
43836,6
43836,7
43871,7
43871,9
43871,18
43928,2
43928,10
43928,17
43928,18
43936,7
43936,18
44004,6
44004,16
44022,3
44022,4
44022,5
44022,6
44191,2
44191,13
44191,17
44191,18
44193,6
44193,16
44195,6
44195,9
44199,7
44199,9
44199,18
44397,9
44397,12
44397,18
44555,9
44555,16
44555,18
44665,7
44665,9
44665,15
44694,6
44694,9
44761,7
44761,9
44761,11
44761,15
44788,8
44840,6
44972,6
44972,12
44974,9
44974,18
45028,6
45028,9
45028,14
45081,10
45081,12
45081,18
45186,2
45186,3
45186,18
45210,7
45210,9
45221,6
45431,3
45431,4
45431,5
45431,6
45440,6
45440,9
45447,9
45447,15
45447,18
45499,2
45499,17
45499,18
45501,6
45501,9
45501,16
45517,4
45517,5
45517,6
45666,6
45668,9
45668,10
45668,16
45672,3
45672,6
45672,9
45672,10
45672,16
45720,6
45720,9
45722,2
45722,3
45722,10
45726,6
45728,6
45730,9
45730,10
45730,15
45880,9
45880,16
45950,8
46322,2
46322,9
46335,2
46335,7
46335,9
46335,18
46530,2
46530,3
46530,13
46530,17
46578,3
46578,6
46578,9
46723,9
46723,18
46948,4
46948,5
46948,10
46948,15
46965,2
46965,6
46965,12
46965,18
46970,2
46970,6
46972,2
46972,6
46972,10
46972,13
46974,9
46976,6
46976,9
46976,10
46976,16
47044,2
47044,7
47044,9
47044,18
47099,9
47122,6
47122,16
47200,2
47200,18
47518,6
47610,9
47610,10
47610,15
47610,16
47629,9
47640,6
47644,9
47997,3
47997,6
47997,17
47997,18
47999,8
47999,9
48043,9
48043,10
48043,16
48082,6
48082,9
48082,10
48082,16
48142,7
48142,9
48142,15
48142,18
48304,3
48304,9
48304,18
48322,6
48322,8
48385,6
48394,9
48394,10
48394,18
48516,7
48516,9
48516,18
48520,6
48738,9
48738,18
48774,2
48774,3
48774,9
48774,17
48774,18
48780,9
48780,15
48780,17
48780,18
48783,9
48783,19
48877,7
48877,12
48877,18
48982,4
48982,6
48997,7
48997,9
48997,18
49272,2
49272,3
49272,18
49274,3
49274,4
49274,5
49274,6
49274,13
49278,2
49278,17
49278,18
49286,6
49286,16
49396,3
49396,6
49396,14
49530,2
49530,3
49530,7
49530,9
49530,18
49530,19
49649,2
49649,3
49649,10
49651,2
49651,9
49822,9
49822,18
49932,9
49932,15
49932,18
50068,9
50068,19
50442,7
50442,9
50601,3
50601,5
50601,10
50685,6
50685,9
50685,16
50794,2
50794,7
50794,9
50794,18
50872,4
50872,5
50872,9
50912,16
51077,2
51077,10
51077,18
51080,9
51080,18
51084,6
51084,16
51086,9
51086,15
51086,18
51255,2
51255,6
51255,7
51255,15
51412,2
51412,17
51412,18
51540,7
51540,9
51540,18
51662,2
51662,10
51662,13
51662,19
51709,6
51709,9
51709,12
51709,17
51709,18
51834,9
51834,16
51935,2
51935,9
51935,18
51939,2
51939,3
51939,4
51939,5
51939,6
51939,10
52241,7
52241,9
52241,18
52245,6
52245,16
52281,2
52281,7
52281,12
52281,17
52281,18
52287,2
52287,3
52287,4
52287,5
52287,6
52287,17
52319,2
52319,3
52319,9
52319,19
52328,3
52328,9
52328,17
52328,18
52435,4
52435,6
52435,10
52435,14
52458,9
52458,18
52604,7
52604,9
52604,15
52604,18
52722,2
52722,3
52722,13
52722,17
52722,18
52885,4
52885,15
52885,17
52952,9
52973,6
52973,9
52973,16
52975,6
52975,9
52975,14
53000,12
53000,17
53000,18
53121,3
53121,4
53121,5
53121,6
53121,10
53123,9
53123,14
53123,16
53125,2
53125,3
53125,6
53125,10
53129,7
53129,9
53129,18
53322,7
53322,18
53460,4
53460,5
53460,6
53464,2
53464,3
53464,17
53468,6
53468,12
53468,18
53519,2
53519,3
53519,7
53519,12
53519,18
53894,8
53894,9
53953,9
53953,12
53953,18
53972,2
53972,3
53972,7
53972,18
53993,6
53993,10
53996,2
53996,13
53996,17
53996,18
54001,3
54001,9
54001,10
54001,13
54004,6
54004,16
54190,9
54190,10
54190,14
54190,16
54256,6
54259,3
54259,6
54259,10
54259,16
54272,4
54272,6
54286,2
54286,7
54286,18
54503,6
54736,2
54736,9
54736,18
54881,8
54995,2
54995,12
54995,17
54997,2
54997,7
54997,9
54997,20
54999,2
54999,6
54999,7
55052,9
55052,16
55052,19
55118,7
55118,9
55118,18
55232,2
55232,12
55232,17
55232,18
55247,2
55247,3
55247,9
55261,6
55261,9
55261,16
55267,6
55267,9
55267,16
55269,3
55269,6
55269,9
55276,9
55276,18
55280,6
55280,9
55282,12
55282,18
55290,7
55290,9
55290,15
55363,7
55363,9
55363,20
55442,4
55442,9
55721,2
55721,7
55721,9
55721,18
55765,7
55765,9
55765,18
55768,4
55768,6
55820,7
55820,9
55830,6
55872,9
55872,14
55908,9
55908,17
55995,2
55995,3
55995,4
55995,10
55995,13
56145,12
56145,17
56152,3
56152,4
56152,5
56152,6
56152,10
56152,14
56152,16
56156,2
56156,7
56156,18
56171,3
56171,5
56171,10
56174,2
56174,12
56174,13
56174,17
56174,18
56251,4
56251,6
56251,17
56339,9
56339,12
56339,15
56339,18
56367,6
56367,9
56367,16
56587,6
56587,9
56715,9
56715,10
56715,16
56757,9
56757,12
56757,14
56757,18
56775,2
56775,3
56782,9
56782,20
56788,6
56788,9
56788,19
56801,2
56801,12
56801,17
56941,6
56941,9
56941,16
56949,6
56949,16
57274,9
57274,12
57274,18
57368,2
57368,15
57368,17
57368,18
57504,4
57504,6
57504,9
57504,16
57504,17
57528,2
57528,9
57528,18
57528,19
57640,2
57640,3
57640,10
57640,17
57669,6
57669,7
57669,9
57669,18
58025,2
58025,3
58025,9
58025,17
58025,18
58047,6
58047,9
58047,16
58103,2
58103,9
58103,18
58154,9
58154,16
58156,6
58162,6
58162,16
58293,3
58293,16
58293,18
58295,2
58295,7
58295,18
58299,3
58299,4
58299,5
58299,6
58559,2
58559,7
58559,9
58559,13
58803,7
58803,9
58803,16
58803,18
58998,6
58998,16
59022,3
59022,6
59258,6
59315,2
59315,3
59315,17
59369,2
59369,7
59369,9
59369,18
59387,3
59387,9
59387,10
59421,6
59421,16
59501,3
59501,5
59501,10
59615,2
59615,3
59615,6
59615,17
59725,6
59725,16
59784,2
59784,4
59784,5
59784,6
59784,13
59900,6
60040,2
60040,17
60069,3
60069,4
60069,5
60069,16
60069,17
60072,2
60072,18
60074,2
60074,3
60074,6
60074,7
60074,10
60126,2
60126,6
60161,2
60161,4
60161,6
60161,16
60161,17
60397,6
60397,14
60397,16
60684,2
60684,9
60684,13
60684,15
60684,17
60684,18
60756,6
60766,8
60937,2
60937,3
60937,10
60937,18
60950,6
60950,9
60950,16
61024,2
61024,6
61024,7
61132,2
61132,3
61132,6
61132,19
61160,2
61160,3
61160,4
61160,17
61240,9
61240,10
61240,12
61240,16
61248,2
61248,3
61248,17
61248,18
61250,6
61323,6
61323,7
61323,9
62081,2
62081,7
62081,13
62081,18
62113,6
62155,6
62155,9
62155,16
62336,4
62336,6
62336,10
62336,17
62374,2
62374,9
62374,18
62434,6
62434,9
62434,16
62644,9
62849,2
62849,7
62956,2
62956,3
62956,4
62956,6
62956,10
62956,17
62999,2
62999,3
62999,4
62999,5
62999,6
62999,13
63062,7
63062,9
63062,15
63072,3
63072,9
63072,18
63082,7
63082,9
63082,16
63113,2
63113,3
63113,18
63131,6
63859,2
63859,3
63859,4
63859,5
63859,6
63876,9
63992,9
63992,10
63992,16
63992,18
64030,2
64030,3
64030,7
64030,18
64034,9
64034,19
64231,2
64231,7
64231,9
64231,18
64497,9
64497,13
64497,17
64497,18
64575,9
64575,15
64614,7
64614,9
64620,9
64622,9
64622,16
64716,9
64839,9
64957,9
64957,10
64957,15
64957,16
64969,6
64983,9
64983,18
64983,19
65088,3
65088,5
65088,6
65216,9
65216,18
65216,19
65230,6
65230,9
65261,3
65261,4
65261,5
65261,10
65514,2
65514,9
65514,19
65682,2
65682,10
65682,12
65682,18
65802,2
65802,6
65802,7
66097,4
66097,10
66097,18
66203,6
66203,9
66203,16
66297,2
66297,4
66297,6
66297,17
66934,6
66934,9
66934,14
66934,17
67087,6
67197,2
67197,9
67197,15
67197,17
67197,18
67255,7
67255,9
67255,15
67255,18
67408,4
67408,13
67408,17
67734,6
67734,9
67923,2
67923,7
67923,9
67923,18
68135,6
68135,9
68157,2
68157,9
68157,19
68205,2
68205,6
68205,7
68237,9
68237,15
68237,17
68237,18
68319,2
68319,17
68319,18
68358,2
68358,3
68358,13
68358,17
68554,7
68554,9
68554,15
68554,18
68659,3
68659,6
68659,9
68791,2
68791,3
68791,17
68791,18
68793,2
68793,6
68793,13
68952,6
68952,12
68954,3
68954,4
68954,5
68954,9
69069,6
69122,6
69122,7
69278,2
69278,3
69278,6
69278,17
69306,7
69306,9
69306,18
69406,6
69406,16
69436,3
69436,6
69481,2
69481,9
69481,18
69481,19
69526,2
69526,3
69526,13
69526,17
69640,7
69640,9
69640,18
69644,2
69644,3
69644,4
69644,5
69644,6
69644,16
69757,6
69757,9
69757,16
69784,6
69844,3
69844,10
69844,13
69844,15
69844,16
69951,9
69951,10
70183,6
70183,9
70183,16
70286,15
70286,17
70286,18
70293,6
70293,9
70293,16
70336,2
70336,3
70336,17
70336,18
71033,7
71033,9
71033,15
71033,16
71033,18
71057,3
71057,4
71057,17
71156,2
71156,6
71156,9
71254,2
71254,17
71254,18
71264,4
71264,5
71264,10
71264,13
71282,8
71464,6
71464,9
71520,6
71530,2
71530,17
71530,18
71535,2
71535,6
71535,12
71579,9
71579,16
71745,3
71745,5
71745,9
71745,10
71745,13
71838,9
71838,18
71899,4
71899,6
71899,9
72011,9
72011,16
72226,3
72226,4
72226,5
72226,6
72226,7
72378,2
72378,9
72378,17
72378,18
72407,9
72407,10
72407,12
72407,16
72407,18
72641,9
72733,9
72737,4
72737,5
72737,10
72737,14
72737,16
72998,2
72998,3
72998,13
72998,17
73017,2
73017,7
73017,15
73017,18
73268,2
73268,9
73268,12
73268,18
73321,2
73321,3
73321,9
74458,9
74458,15
74458,18
74530,3
74530,10
74545,9
74545,15
74545,18
74789,3
74789,10
74789,13
74795,2
74795,9
74795,18
74795,19
74946,6
75805,2
75805,6
75805,16
75985,2
75985,17
75985,18
76077,6
76077,17
76093,3
76093,4
76093,5
76093,10
76093,13
76175,2
76175,3
76175,9
76175,10
76251,2
76251,6
76293,2
76293,6
76293,16
77455,6
77455,8
77561,2
77561,3
77561,13
77561,17
77561,18
77866,2
77866,3
77866,9
77866,16
77866,19
78105,2
78105,3
78105,10
78105,13
78105,16
78209,6
78469,2
78469,6
78469,18
78499,3
78499,4
78499,5
78499,6
78499,10
78499,13
78574,9
78574,18
78637,3
78637,4
78637,5
78637,6
78637,10
78637,13
78772,10
78772,13
78772,16
78772,18
78893,2
78893,3
78893,10
79008,4
79008,6
79008,10
79057,2
79057,17
79057,18
79091,4
79091,5
79091,6
79091,7
79132,2
79132,7
79132,9
79132,13
79132,15
79132,17
79132,18
79134,6
79139,2
79139,3
79139,5
79139,6
79139,10
79185,2
79185,6
79185,16
79224,2
79224,5
79224,9
79242,6
79242,9
79293,2
79293,18
79357,9
79357,10
79357,16
79357,17
79428,6
79592,2
79592,6
79695,2
79695,3
79695,18
79702,2
79702,6
79702,10
79702,14
79702,16
80166,6
80166,16
80219,2
80219,3
80219,6
80219,7
80219,18
80363,2
80363,12
80363,13
80363,17
80363,18
80463,9
80489,7
80489,9
80489,18
80549,6
80549,16
80693,6
80693,9
80831,9
80831,12
80831,15
80860,6
80860,16
80906,8
81156,2
81156,6
81156,8
81229,2
81229,6
81537,6
81562,3
81562,9
81562,18
81564,2
81564,4
81564,5
81564,6
81564,13
81564,17
81591,9
81591,18
81782,2
81782,9
81782,18
81784,6
81784,9
81784,16
81788,7
81788,9
81788,16
81788,18
81834,2
81834,3
81834,10
81834,13
81845,9
81847,4
81847,5
81847,6
81847,10
81847,13
81847,14
81847,16
81932,9
82167,6
82167,9
82167,16
82169,3
82169,5
82169,10
82202,9
82202,18
82459,20
82461,2
82461,3
82461,13
82461,17
82852,6
82854,3
82854,6
82854,10
83134,6
83134,12
83349,2
83349,6
83349,7
83349,10
83349,13
83349,18
83613,2
83613,13
83613,17
83613,18
83613,20
84152,17
84152,18
84374,6
84374,16
84392,7
84392,9
84392,18
84601,9
84601,15
84601,18
84772,3
84772,6
84772,17
84944,2
84944,3
84944,4
84944,5
84944,6
84944,20
84954,16
84954,17
84954,18
85342,2
85342,7
85342,9
85367,6
85367,16
85414,2
85414,9
85414,15
85414,17
85414,18
85510,2
85510,10
85510,13
85510,18
85774,8
85780,4
85780,6
85780,17
85881,6
85881,9
86190,2
86190,3
86190,15
86190,18
86293,6
86298,3
86298,4
86298,5
86298,6
86320,9
86320,17
86332,2
86332,3
86332,9
86332,10
86332,13
86345,6
86347,6
86377,6
86644,2
86644,7
86644,9
86644,13
86644,18
86833,6
86880,2
86880,3
86880,10
86880,13
86882,6
86882,10
86882,16
86911,6
87192,2
87192,6
87192,17
87222,2
87222,3
87222,4
87222,5
87222,6
87222,13
87232,2
87232,3
87232,17
87232,18
87232,19
87306,13
87306,15
87306,17
87306,18
87430,2
87430,3
87430,17
87485,6
87520,2
87520,3
87520,13
87520,17
87520,19
87529,2
87529,3
87529,6
87529,10
87869,6
87869,7
88125,2
88125,3
88125,9
88125,10
88125,13
88125,15
88129,7
88129,9
88129,11
88129,18
88140,2
88140,3
88140,17
88140,18
88140,19
88163,6
88163,9
88163,16
88405,6
88405,16
88744,2
88744,9
88744,17
88744,18
88785,6
88810,9
88812,2
88812,6
88812,7
89087,2
89087,3
89087,9
89087,18
89470,13
89470,17
89470,18
89492,9
89745,2
89745,3
89745,13
89745,17
89753,9
89753,11
89753,18
89774,9
89804,9
89864,6
89864,9
89904,6
89904,9
89904,16
90249,2
90249,9
90249,13
90249,17
90405,7
90405,17
90405,18
90439,9
90439,18
90522,3
90522,6
90522,18
90647,3
90647,4
90647,6
90647,10
90647,13
90746,2
90746,4
90746,13
90746,15
90866,5
90866,9
90866,15
91077,6
91077,9
91094,5
91094,6
91094,14
91104,3
91104,9
91104,10
91104,16
91128,6
91128,9
91128,18
91485,2
91485,3
91500,2
91500,3
91500,9
91500,17
91500,18
91529,2
91529,3
91529,7
91529,13
91535,2
91535,3
91535,9
91535,13
91535,18
91542,2
91542,3
91542,6
91542,7
91542,15
91542,18
91630,2
91630,3
91630,13
91630,18
91658,9
91658,18
91976,2
91976,9
92259,6
92259,9
92420,2
92420,17
92420,18
92535,6
93270,6
93326,2
93326,6
93326,16
93363,2
93363,3
93363,13
93363,17
93510,2
93510,6
93510,7
93838,2
93838,7
93840,6
93840,12
93840,17
93840,18
94478,6
94478,12
94478,13
94677,6
94777,2
94777,6
94777,13
94777,17
94864,2
94864,12
94864,13
94864,17
94959,6
94959,9
94959,16
95088,6
95088,9
95105,3
95105,4
95105,5
95105,6
95105,13
95167,2
95167,3
95167,4
95167,5
95207,2
95207,10
95207,12
95207,18
95441,6
95441,10
95510,2
95510,3
95510,13
95510,17
95543,3
95543,4
95543,6
95558,9
95558,10
95720,6
95720,17
95875,2
95875,17
95875,18
96079,2
96079,3
96079,13
96079,18
96110,6
96588,6
96588,14
96610,2
96610,7
96610,17
96728,9
96737,2
96737,17
96811,7
96811,9
96811,18
96821,9
96821,16
96829,9
96861,2
96861,7
96861,9
96861,18
97225,4
97225,5
97225,6
97304,9
97304,18
97306,6
97306,7
97752,9
97752,13
97752,17
97836,2
97836,6
97913,4
97913,6
97921,6
97921,9
97923,9
97938,3
97938,9
97938,13
98124,2
98124,4
98124,17
98243,3
98243,4
98243,5
98243,10
98243,13
98491,4
98491,6
98491,16
98809,3
98809,10
98809,13
98961,2
98961,9
98961,18
99007,6
99007,12
99007,16
99112,2
99112,7
99112,18
99114,2
99114,9
99114,20
99117,9
99149,9
99149,13
99149,14
99149,16
99813,2
99813,4
100383,7
100383,9
100383,15
100383,18
100498,2
100498,7
100498,13
100498,18
101112,2
101112,3
101112,10
101112,13
101142,3
101142,4
101142,6
101362,2
101362,18
101864,2
101864,3
101864,13
101864,17
102123,2
102123,6
102125,2
102125,13
102125,17
102125,18
102407,9
102445,2
102445,3
102445,13
102445,17
102481,6
102686,6
102716,2
102716,7
102716,13
102716,18
102903,7
102903,15
102903,18
103042,2
103042,3
103042,10
103042,13
103042,17
103141,3
103141,4
103141,6
103228,2
103228,3
103228,13
103228,17
103249,2
103249,9
103249,12
103249,13
103253,2
103253,9
103253,13
103253,17
103335,4
103335,5
103335,6
103335,13
103339,2
103339,9
103339,13
103339,18
103341,2
103341,6
103341,17
103372,2
103372,6
103372,7
103384,2
103384,3
103384,13
103384,20
103688,12
103688,18
103772,2
103772,3
103772,10
103772,17
104211,6
104211,7
104241,2
104241,6
104241,7
104374,9
104374,10
104374,16
104841,2
104841,13
104841,17
104879,9
104879,15
104879,18
104913,2
104913,9
105213,6
105213,9
105213,16
105504,3
105504,9
105504,13
105504,18
105844,9
106002,2
106002,3
106002,13
106002,17
106072,2
106072,3
106072,10
106072,13
106100,9
106487,2
106487,3
106487,13
106487,17
106489,3
106489,10
106489,13
106491,2
106491,3
106491,10
106642,3
106642,9
106642,17
106696,3
106696,4
106696,6
106696,10
106696,14
106696,16
106766,9
106782,6
106782,7
106782,9
106916,7
106916,9
106918,3
106918,6
106918,9
106920,9
106920,16
106920,17
107141,6
107141,9
107348,6
107406,2
107406,9
107406,17
108156,2
108156,6
108190,3
108190,13
108190,16
108190,17
108729,15
108729,18
108928,2
108928,9
108928,19
108932,2
108932,3
108932,4
108932,5
108932,6
108932,10
108945,2
108945,7
108945,13
108945,17
109374,6
109374,9
109487,13
109487,17
110102,2
110102,3
110102,13
110102,17
110501,2
110501,7
110501,18
110553,2
110553,13
110553,17
110730,9
110730,13
110730,17
111113,6
111360,2
111360,17
111362,2
111362,3
111362,17
111364,2
111364,3
111364,13
111364,17
111617,6
111659,2
111659,3
111659,5
111659,13
111743,6
111743,20
111759,2
111759,13
111759,17
111781,2
111781,3
111781,18
111921,9
111921,16
112138,2
112138,6
112138,7
112171,2
112171,7
112171,18
112175,2
112175,3
112175,4
112183,6
112183,9
112290,9
112552,9
112556,9
112556,18
112623,17
112852,2
112852,3
112852,17
114180,2
114180,15
114180,17
114662,2
114662,19
114935,2
114935,15
114935,17
114935,18
115149,2
115149,18
115210,2
115210,9
115210,19
115569,7
115569,9
115569,18
115617,2
115617,4
115617,6
115713,9
115713,17
115713,18
116797,9
116797,18
116797,19
116799,6
116799,7
116799,9
116799,15
116799,16
116823,3
116823,17
116823,18
116897,6
116897,9
116897,18
117176,9
117176,16
117529,2
117529,3
117529,9
117529,17
117529,18
117590,6
117590,7
117895,2
117895,18
118696,3
118696,10
119141,2
119141,6
119145,2
119145,3
119145,6
119145,7
119155,3
119155,5
119155,6
119155,10
120466,2
120466,18
120799,2
120799,3
120799,17
120799,18
122882,2
122882,3
122882,17
122882,18
122886,2
122886,3
122886,10
122886,13
122886,17
122892,2
122892,3
122892,17
122896,1
122898,2
122898,3
122898,17
122900,2
122900,3
122900,17
122904,2
122904,3
122904,6
122904,17
122906,2
122906,3
122906,17
122912,2
122912,3
122912,17
122916,2
122916,3
122916,17
122918,2
122918,3
122918,17
122920,2
122920,17
122920,18
122922,2
122922,3
122922,17
122924,2
122924,3
122924,10
122924,17
122926,2
122926,3
122926,10
126548,6
127202,9
128360,20
129354,6
129354,7
129354,9
129354,16
130520,3
130520,4
130520,5
130520,6
130520,10
130520,17
131013,6
131013,7
132046,2
132046,3
132046,5
132046,15
132046,17
133419,6
133771,6
133771,16
133771,17
134130,3
134130,9
134130,17
134170,2
134170,6
134170,10
134170,17
134368,2
134368,6
134368,7
134393,6
134393,16
134853,3
134853,4
134853,5
134853,6
134853,9
134853,10
135133,3
135133,17
135137,2
135137,6
135137,17
135143,10
135436,4
135436,6
135536,2
135536,7
135536,17
135569,2
135569,3
135569,17
135861,6
135887,3
135887,4
135887,5
135887,6
136020,2
136020,3
136020,7
136562,9
136598,3
136598,6
136864,2
136864,3
136864,10
136864,17
137857,3
137857,9
137857,10
138036,2
138036,3
138036,6
139385,3
139385,9
139642,2
139642,9
139644,7
139644,9
139644,15
140110,6
140174,9
140711,2
140711,6
140711,17
140711,18
140715,9
142448,3
142448,9
142448,18
142488,18
143355,2
143355,3
143355,10
143385,9
143385,18
143859,6
146656,9
148626,9
149352,6
149354,5
149354,6
149406,2
149406,3
149406,4
150548,2
150548,7
150548,9
150548,15
150548,18
152077,18
152081,2
152081,3
152081,4
152081,5
152081,6
157296,3
157296,4
157296,6
157699,9
157699,18
158238,7
158238,15
158238,18
158872,4
158872,6
159093,2
159093,6
159093,18
159817,8
160080,2
160080,6
160080,12
160080,17
160438,2
160563,2
160563,3
160980,9
161131,6
161582,7
161582,9
162350,2
162350,20
162606,7
162606,9
162606,18
163645,9
163645,19
164179,17
164909,6
164909,9
164909,16
166461,3
166461,4
166461,5
166461,6
166461,10
166528,2
166528,3
166528,10
166528,17
166534,9
166534,12
166534,18
166635,3
166635,9
166635,16
166635,17
166643,9
167746,2
167746,4
167746,6
168248,2
168248,7
168248,18
168250,12
168252,2
168252,17
170705,2
170705,9
170705,19
171763,2
171763,7
171763,18
174055,2
174055,9
174055,18
174055,19
175303,12
176101,2
176101,3
176101,6
176371,17
177765,3
177765,4
177765,5
179401,2
179401,3
179401,5
179819,2
179819,3
179819,10
179819,17
180031,3
180031,9
180031,10
187593,2
187593,6
187593,17
